Name,Price
Kubík,80
Kossik,100
Vulgo,120
Tatinek69,120
Mýval,140
Azmew the Cat (Azu),140
Kopyto,150
maki,150
Myri,150
Gabe,180
vadim,180
Luna Blue,190
Marmeládka,200
Paddy,200
Killer87k,210
TomínoCZ,210
Kate,220
Pajos,220
Paddy,230
Tesy,240
bigpepik,250
Jinu,250
Cutinka,250
Natyna,260
Lipofi,260
VeproveKruti,260
DĚDA,270
Majunka,270
Genesis,270
dortomet,270
Jane,280
Zampiik (čteno s ž),280
Honzus,290
mára,290
Marwl,290
MysticPaw,290
bob,290
Šťov,290
Buzz,310
Frosty,310
vnllace,310
Kačka,310
PapaIte,320
Anty,320
Peak,320
Sovaz,320
kryyin,320
uistite,320
Lokus,320
DOGUS,330
ecto,330
Dablik,330
Kuzatko,330
kwak,330
Fylous,340
Defender,340
Astro aka kastrol,340
Popo,350
Petr,350
Mirďas/Miro/Miras,350
Limetka,350
Honza,360
Davcaaa,360
Lazar,360
Kylu,360
Dave,380
Dizzy,380
Hiro,380
Paty,380
xanax,390
Greya,390
Rabbit,400
Houba,400
Dabša,400
Hajhaci,400
Hazykx,400
Fluffy,400
Jelen,400
Newt,420
Holub,430
Logas,430
Lukardo,430
Radek,430
Hyksak,430
cosmmo,430
LonelyDave,450
Tomzi,450
Ladik,450
Misun,450
Memi,480
Matuz,480
Nugy,480
Coupé (čte se Kůp),480
Terka,480
Tarky,490
Fixter,490
ptks,490
klear,490
Tomko,490
Strády,490
Simba,490
Lamicka,490
Dejvík nebo piňďa,490
Predator,490
Maximus,440
Mordecay,440
Noli,440
Airy,440
Max,500
Morphed,500
Arashid,500
Alco,500
sajox,500
Reck,510
Kocour,510
Kuly,510
Mlok,550
Slix,550
Theo,550
FIREYxz,550
jirka kara,550
xLucker,550
Lovecour,560
Brutus,320
Reddy,600
Fráňa Šrámek,600
NorTax,600
Domi,600
Víťa,610
Dodo,610
Polo,610
Ernie,620
Eleganta,620
PitH16e,630
ITmonster,630
Kousamek,630
Jeníkk,630
Drannarith,630
Lagier,640
Tomii,640
Lenny,640
Tanzánský princ,640
Marrted,640
ALT,640
Kargic,650
EnsU,650
exo,650
Moreall,650
Glutch,650
Svoby,660
Maty,670
Rinzz,670
miflond,670
Pislow,680
SGooB,690
Sombre,690
Dao,690
mabe,700
Interor,700
Ládîk,700